{
    "loss": 3.049103260040283,
    "accuracy": 0.8043379783630371
}